sample_id,original_test_index,y_true,attack_cat,svm_pred,svm_score,rf_pred,rf_score,qsvc_pred,qsvc_score
69618,69617,1,Reconnaissance,1,0.1782060975329539,1,0.879388888888889,1,0.07998185058584026
85637,85636,1,DoS,1,1.0852623592817403,1,0.9955555555555554,1,1.1399521363840084
122488,122487,1,Generic,1,1.2311485683168273,1,0.9960142836844882,1,0.9353324808501927
137164,137163,1,Generic,1,1.2756779400486329,1,0.9765976170178214,1,1.1935661090288567
151917,151916,1,Generic,1,1.1812847267378455,1,0.9960142836844882,1,1.0327419629878223
107334,107333,1,Exploits,1,0.5821436824965605,1,0.9562222222222222,0,-0.3237885339842338
154825,154824,1,Reconnaissance,1,1.0419004917964958,1,0.9969444444444444,1,1.0809183692548288
119846,119845,1,Exploits,1,0.4005990964903098,1,0.6870833333333333,0,-0.828419668488735
39148,39147,0,Normal,0,-0.8307110311368868,0,0.07916666666666666,0,-0.7919972542494877
114962,114961,1,DoS,1,1.0001446300162276,1,0.9988888888888888,1,1.0283416427783445
51477,51476,1,Fuzzers,0,-1.7157112133418237,0,0.42580555555555544,0,-0.9704596518307756
85300,85299,0,Normal,1,0.8417507195676259,1,0.6353333333333333,1,0.8965957649678818
4156,4155,0,Normal,0,-1.2794716530003722,0,0.002,0,-1.1110248623751013
72402,72401,1,Exploits,1,0.8999962235973904,1,0.6088095238095239,1,1.4499092212226181
32128,32127,0,Normal,0,-0.9916331705459955,0,0.01,0,-1.0285828702168038
14403,14402,0,Normal,0,-0.9998571581876863,0,0.0,0,-1.0866720832333379
10017,10016,0,Normal,0,-1.5364164018906925,0,0.0,0,-0.9694089297050564
64286,64285,1,Fuzzers,0,-0.9997622914326401,0,0.2555,0,-1.0229293224995948
10578,10577,0,Normal,0,-1.0069868107117241,0,0.03,0,-1.1044991348771547
117074,117073,1,Exploits,1,0.517199424088296,1,0.609,1,0.8434987380919906
12316,12315,0,Normal,0,-0.9391454023688803,0,0.06916666666666665,0,-1.3556233008295133
14645,14644,0,Normal,0,-0.9214440733207354,0,0.02,0,-0.9199861173851305
101051,101050,1,Exploits,1,0.8088899586143408,1,0.7863333333333332,1,0.8587701384615402
126499,126498,1,Generic,1,1.220907383250464,1,0.9960142836844882,1,1.1607421011283325
44164,44163,0,Normal,0,-0.5112354909879457,1,0.6719166666666665,1,1.252036611265386
148251,148250,1,Generic,1,1.268269940469254,1,0.9428357122559169,1,0.9821017984974635
82153,82152,1,Fuzzers,1,0.9394224024340183,1,0.6350793650793651,1,1.0129775818174542
21769,21768,0,Normal,0,-0.9973489479409183,0,0.01,0,-1.1482292881249643
58959,58958,1,Exploits,1,1.1069602535392862,1,0.9930555555555555,1,1.0500558902767834
125588,125587,1,Generic,1,1.211973023043724,1,0.9960142836844882,1,1.2054090811108156
89825,89824,1,Exploits,1,1.0852623592817403,1,0.9955555555555554,1,1.1399521363840084
145398,145397,1,Generic,1,1.2427863451275114,1,0.9897642836844882,1,0.8844861885765439
35747,35746,0,Normal,0,-1.0016288708022303,0,0.0,0,-1.1427331146410862
45977,45976,0,Normal,1,1.1834934227930007,1,0.5286269841269843,1,0.702641854650932
53589,53588,1,Backdoor,1,1.166816310096962,1,0.5286269841269843,1,0.9499809862857193
112031,112030,1,Exploits,1,1.1093228871586127,1,0.7187142857142856,1,1.1024024603888964
30533,30532,0,Normal,0,-1.0014671808876325,0,0.0,0,-1.1613088832877811
92325,92324,1,Fuzzers,0,-0.9997014887990405,0,0.20733333333333334,0,-1.0175439421173618
119869,119868,1,Generic,1,1.2572331146932616,1,0.9790976170178215,1,0.9415890736137013
98436,98435,1,Exploits,1,0.329819552321308,1,0.6619166666666666,1,0.38128640830613325
90629,90628,1,Exploits,1,1.053952572099844,1,0.99,1,0.8085942307522286
13714,13713,0,Normal,0,-1.540745920033418,0,0.006666666666666666,0,-1.0515229465492861
78952,78951,1,Fuzzers,1,1.1216876592826444,1,0.5026031746031748,1,1.0731408884183995
52869,52868,1,Exploits,1,0.5821436824965605,1,0.9562222222222222,0,-0.3237885339842338
132987,132986,1,Exploits,0,-0.19728235334445832,1,0.7757380952380951,1,0.9102957060323266
66589,66588,1,DoS,1,1.0261820908615353,1,0.9872222222222221,1,0.9039566081486835
101987,101986,0,Normal,0,-1.3639205953182618,0,0.2033333333333333,0,-1.2559256918640043
19627,19626,0,Normal,0,-1.6660546235949327,0,0.026666666666666665,0,-0.8155005804925308
139768,139767,1,Generic,1,1.2555957286467547,1,0.9642087281289327,1,0.941553330674087
149106,149105,1,Generic,1,1.268269940469254,1,0.9428357122559169,1,0.9821017984974635
46579,46578,0,Normal,1,1.1216762286409978,0,0.3341984126984127,1,1.0731408884183995
146037,146036,1,Generic,1,1.2311485683168273,1,0.9960142836844882,1,0.9353324808501927
3565,3564,0,Normal,0,-1.136921644533144,0,0.0,0,-1.4619855457553064
22644,22643,0,Normal,0,-1.5349191102414734,0,0.0,0,-0.9919540102891282
124411,124410,1,Generic,1,1.220907383250464,1,0.9960142836844882,1,1.1607421011283325
86113,86112,1,Exploits,1,1.0001446300162276,1,0.9988888888888888,1,1.0283416427783445
133789,133788,1,Generic,1,1.2756779400486329,1,0.9765976170178214,1,1.1935661090288567
95745,95744,0,Normal,0,-0.46499350139390416,1,0.5898095238095238,0,-0.5618270359170486
67498,67497,0,Normal,0,-1.7157112133418237,0,0.42580555555555544,0,-0.9704596518307756
8007,8006,0,Normal,0,-1.1911741081980909,0,0.021666666666666664,0,-1.1509169987608627
3954,3953,0,Normal,0,-1.5143208418046998,0,0.05483333333333333,0,-1.0631970691369304
94556,94555,1,Exploits,0,-0.09522975472925466,1,0.5474603174603175,1,1.2464508675779253
67122,67121,0,Normal,1,0.1429761535372821,1,0.5059722222222222,0,-0.40998053711752097
150384,150383,1,Generic,1,1.220907383250464,1,0.9960142836844882,1,1.1607421011283325
56924,56923,1,Exploits,1,1.0001446300162276,1,0.9988888888888888,1,1.0283416427783445
147843,147842,1,Exploits,1,1.097472536394177,1,0.7094523809523808,1,1.141393085462569
57602,57601,1,Exploits,1,1.0001447790756968,1,0.9712222222222222,1,0.9934720922924495
83736,83735,0,Normal,1,0.46904433079871466,1,0.70875,0,-0.3649166286996371
67506,67505,1,Exploits,1,1.0001446300162276,1,0.9988888888888888,1,1.0283416427783445
108746,108745,0,Normal,0,-1.3477689774792407,0,0.08183333333333334,0,-1.0014093055925684
63644,63643,1,Fuzzers,0,-0.9996435911978316,0,0.12066666666666666,0,-1.0175439421173618
45954,45953,0,Normal,1,1.1785793064170076,0,0.487793650793651,1,0.9562066050949048
163014,163013,1,Generic,1,1.2427863451275114,1,0.9897642836844882,1,0.8844861885765439
156858,156857,1,Exploits,0,-1.1969232266055256,0,0.38866666666666666,0,-1.1055122545916183
98555,98554,0,Normal,0,-0.4536876766500717,0,0.3891428571428571,0,-0.5386332056877638
104502,104501,0,Normal,1,1.121686145707206,0,0.49426984126984147,1,1.0731408884183995
50928,50927,1,DoS,1,1.0261820908615353,1,0.9872222222222221,1,0.9039566081486835
158252,158251,1,Generic,1,1.220907383250464,1,0.9960142836844882,1,1.1607421011283325
65756,65755,1,DoS,0,-0.5326570531304096,0,0.42000000000000015,0,-0.9806732766889176
120475,120474,1,Reconnaissance,1,1.1689296085659808,1,0.9913888888888888,1,1.1438220981499276
50104,50103,1,Fuzzers,1,0.5983937500897738,1,0.7223333333333334,1,0.8701101116360673
87030,87029,1,DoS,1,1.0852623592817403,1,0.9955555555555554,1,1.1399521363840084
123059,123058,1,Fuzzers,1,0.3777352004227472,1,0.6837499999999999,1,0.6113497970474465
92329,92328,1,Analysis,1,1.0001446300162276,1,0.9988888888888888,1,1.0283416427783445
107478,107477,1,Exploits,1,0.4812316466889681,1,0.7631666666666667,1,0.7632880339668754
68076,68075,1,Exploits,0,-0.4422379917310859,0,0.4768333333333334,0,-0.508581978338219
139121,139120,1,Generic,1,1.220907383250464,1,0.9960142836844882,1,1.1607421011283325
64266,64265,1,Exploits,0,-0.4649912591189873,1,0.5773095238095238,0,-0.5618270359170486
22398,22397,0,Normal,0,-0.9980470422604,0,0.01,0,-1.0789689740863282
111564,111563,1,Analysis,1,1.0001447790756968,1,0.9712222222222222,1,0.9934720922924495
167286,167285,1,Generic,1,1.2427863451275114,1,0.9897642836844882,1,0.8844861885765439
67318,67317,1,Reconnaissance,1,1.097909082264277,1,0.7579841269841269,1,1.0281818066118285
147689,147688,1,Fuzzers,1,1.010934685460555,1,0.9988888888888888,1,0.8840109452053079
129709,129708,1,Generic,1,1.2427863451275114,1,0.9897642836844882,1,0.8844861885765439
69508,69507,1,Reconnaissance,1,0.7669501967747878,1,0.7591666666666665,1,0.9069876499866215
71168,71167,1,Shellcode,1,1.129603532621532,0,0.4037936507936509,1,1.0776481546171455
70932,70931,1,DoS,1,1.0001446300162276,1,0.9988888888888888,1,1.0283416427783445
93184,93183,1,Fuzzers,1,1.0001446300162276,1,0.9988888888888888,1,1.0283416427783445
74784,74783,0,Normal,1,1.113934951747195,1,0.5591031746031748,1,1.007623690191634
130130,130129,1,Generic,1,1.268269940469254,1,0.9428357122559169,1,0.9821017984974635
